<?xml version="1.0" encoding="UTF-8"?>
<project-private xmlns="http://www.netbeans.org/ns/project-private/1">
    <editor-bookmarks xmlns="http://www.netbeans.org/ns/editor-bookmarks/2" lastBookmarkId="0"/>
    <open-files xmlns="http://www.netbeans.org/ns/projectui-open-files/2">
        <group/>
        <group name="PRJ">
            <file>file:/D:/Prj/WorkShop2%20(15-07)/workshop2-full/ws2/src/java/controller/account/DashboardAccountServlet.java</file>
            <file>file:/D:/Prj/WorkShop2%20(15-07)/workshop2-full/ws2/web/product/listProduct.jsp</file>
            <file>file:/D:/Prj/WorkShop2%20(15-07)/workshop2-full/ws2/web/account/addAccount.jsp</file>
            <file>file:/D:/Prj/WorkShop2%20(15-07)/workshop2-full/ws2/web/login.jsp</file>
            <file>file:/D:/Prj/WorkShop2%20(15-07)/workshop2-full/ws2/src/java/dal/CategoryDAO.java</file>
            <file>file:/D:/Prj/WorkShop2%20(15-07)/workshop2-full/ws2/web/component/header.jsp</file>
            <file>file:/D:/Prj/WorkShop2%20(15-07)/workshop2-full/ws2/src/java/dal/AccountDAO.java</file>
            <file>file:/D:/Prj/WorkShop2%20(15-07)/workshop2-full/ws2/web/home.jsp</file>
            <file>file:/D:/Prj/WorkShop2%20(15-07)/workshop2-full/ws2/web/WEB-INF/tlds/mytags.tld</file>
            <file>file:/D:/Prj/WorkShop2%20(15-07)/workshop2-full/ws2/web/no-permission.jsp</file>
            <file>file:/D:/Prj/WorkShop2%20(15-07)/workshop2-full/ws2/src/java/controller/MainController.java</file>
            <file>file:/D:/Prj/WorkShop2%20(15-07)/workshop2-full/ws2/src/java/controller/AuthenServlet.java</file>
            <file>file:/D:/Prj/WorkShop2%20(15-07)/workshop2-full/ws2/src/java/controller/product/ProductServlet.java</file>
            <file>file:/D:/Prj/WorkShop2%20(15-07)/workshop2-full/ws2/web/account/dashboardAccount.jsp</file>
            <file>file:/D:/Prj/WorkShop2%20(15-07)/workshop2-full/ws2/src/java/Filter/RouteFilter.java</file>
            <file>file:/D:/Prj/WorkShop2%20(15-07)/workshop2-full/ws2/src/java/dal/Accessible.java</file>
            <file>file:/D:/Prj/WorkShop2%20(15-07)/workshop2-full/ws2/src/java/controller/category/DashboardCategory.java</file>
            <file>file:/D:/Prj/WorkShop2%20(15-07)/workshop2-full/ws2/src/java/utils/HelloTag.java</file>
            <file>file:/D:/Prj/WorkShop2%20(15-07)/workshop2-full/ws2/web/category/listCategory.jsp</file>
        </group>
    </open-files>
</project-private>
